core_number,count,percent
1,127,0.20922570016474465
2,480,0.7907742998352554
