degree,count,percent
1,107,0.17627677100494235
2,11,0.018121911037891267
3,405,0.6672158154859967
4,84,0.13838550247116968
